variable,count,mean,std,min,25%,50%,75%,max,original
dummy1,1000.0,0.0003533968428324063,0.010502258683042135,-0.0300682711131005,-0.0069195167550066255,5.2924903152659766e-05,0.007418368026558075,0.034272573854537,-0.0087472294928941
dummy2,1000.0,-0.00014616391909424308,0.009739589698842942,-0.0296324538508977,-0.006914990631727225,-0.0002214378729872,0.006733390328746675,0.0349407472578235,0.0082709747637533
x1,1000.0,0.15214663819721028,3.047380099774058,-8.089664892469237,-1.9395824105479327,-0.0514709356886415,2.208933802740485,28.20346794194569,28.20346794194569
x2,1000.0,-0.03856607303324424,7.935837135279391,-25.65867326148597,-5.36847947358469,0.04041430225277755,4.93219005559917,75.05125135342466,75.05125135342466
x3,1000.0,0.00106154211724769,1.836760072938981,-5.408889879326766,-1.209099372186135,-0.0704757806067513,1.13408529356759,17.753479561506595,17.753479561506595
